,Kategori,Link
0,,https://www.iha.com.tr/haber-beylikduzunde-ekmeklerin-cope-atildigini-goren-vatandaslar-isyan-etti-843818/
1,,https://www.iha.com.tr/haber-mesut-yilmaz-beyin-ameliyati-oldu-843816/
2,,https://www.iha.com.tr/haber-trabzon-havalimaninda-pist-yenileme-calismalari-devam-ediyor-843815/
3,,https://www.iha.com.tr/haber-kilise-giris-cikislara-kisitlama-getirildi-843814/
4,,https://www.iha.com.tr/haber-icisleri-bakani-soyludan-bursaya-yakin-markaj-843812/
5,,https://www.iha.com.tr/haber-isale-hatti-projesi-tamamlandi-843810/
6,,https://www.iha.com.tr/haber-evinden-cikmayan-yaslilar-icin-alisveris-yaptilar-843809/
7,,https://www.iha.com.tr/haber-kaldirimda-oturan-vatandasin-uzerine-beton-parcalarin-dustugu-anlar-kamerada-843807/
8,,https://www.iha.com.tr/haber-yesil-golun-turizme-kazandirilmasi-calismalar-basliyor-843803/
9,,https://www.iha.com.tr/haber-kapalicarsi-1-haziranda-acilacak-843799/
10,,https://www.iha.com.tr/haber-hdp-onundeki-evlat-nobeti-249uncu-gununde-843797/
11,,https://www.iha.com.tr/haber-erzurumda-hafif-siddetli-deprem-843793/
12,,https://www.iha.com.tr/haber-yeni-dogan-bebekler-icin-hastanede-siperlik-uretiliyor-843792/
13,,https://www.iha.com.tr/haber-epilepsi-nobeti-geciren-vatandasin-yardimina-astsubay-kostu-843787/
14,,https://www.iha.com.tr/haber-yasa-takilmadan-emektar-eseginin-sirtinda-dolasiyor-843784/
15,,https://www.iha.com.tr/haber-bu-golun-kalbi-var-843780/
16,,https://www.iha.com.tr/haber-beylikduzunde-sokaklar-kuslara-kaldi-843778/
17,,https://www.iha.com.tr/haber-istinat-duvarinin-coktugu-mahallede-yasayanlar-deprem-zannettik-843776/
18,,https://www.iha.com.tr/haber-copte-bulunan-bebek-yasam-savasi-veriyor-843771/
19,,https://www.iha.com.tr/haber-bu-davulcu-cok-farkli-bulent-ersoy-sarkilariyla-sahura-uyandiriyor-843770/
20,,https://www.iha.com.tr/haber-ithal-cep-telefonlari-icin-yeni-karar-843768/
21,,https://www.iha.com.tr/haber-trans-yaga-yuzde-2-siniri-getirildi-843767/
22,,https://www.iha.com.tr/haber-bakan-kasapoglu-17-bin-506-kisi-yurtlarda-51-bin-747-kisi-ise-evlerine-ugurlandi-843764/
23,,https://www.iha.com.tr/haber-ispartada-karantina-suresi-tamamlanan-268-vatandas-memleketlerine-gonderildi-843763/
24,,https://www.iha.com.tr/haber-kisa-calisma-odenegi-e-devlet-sorgula-iskur-kisa-calisma-odenegi-sorgulama-843217/
25,,https://www.iha.com.tr/haber-borsa-gunu-dususle-tamamladi-843676/
26,,https://www.iha.com.tr/haber-prof-dr-alkin-londradan-dolar-tl-manipulasyonu-yapiliyor-843668/
27,,https://www.iha.com.tr/haber-bakan-selcuk-3-faz-sosyal-yardim-programimiza-6-milyonun-uzerinde-basvuru-almis-durumdayiz-843655/
28,,https://www.iha.com.tr/haber-motorine-indirim-843647/
29,,https://www.iha.com.tr/haber-japon-otomotiv-devinden-ozel-kredi-kampanyasi-843618/
30,,https://www.iha.com.tr/haber-koronavirusun-yaralarini-saran-uretim-tesisleri-celik-ile-buyuyecek-843617/
31,,https://www.iha.com.tr/haber-cem-bagci-yeni-normalde-dijital-donusum-ekmek-ve-su-gibi-olacak-843616/
32,,https://www.iha.com.tr/haber-kobilere-dijital-dunyada-hayatta-kalma-kilavuzu-843613/
33,,https://www.iha.com.tr/haber-rekabet-kurumu-zincir-marketler-dahil-29-tesebbus-hakkinda-sorusturma-acti-843607/
34,,https://www.iha.com.tr/haber-ihracatimizin-yuzde-80i-risk-altinda-843584/
35,,https://www.iha.com.tr/haber-serbest-piyasada-altin-fiyatlari-843583/
36,,https://www.iha.com.tr/haber-isgucu-kaybi-ve-artan-issizlik-dunya-ulkelerini-imfye-mecbur-birakiyor-843578/
37,,https://www.iha.com.tr/haber-allianzin-reklam-kampanyasina-uluslararasi-odul-843576/
38,,https://www.iha.com.tr/haber-bakan-pakdemirli-2-bin-153-personel-alimiyla-ilgili-basvurular-15-22-mayis-tarihleri-arasinda-baslayacak-843571/
39,,https://www.iha.com.tr/haber-demand-grup-yonetim-kurulu-baskani-atalay-demirbas-franchise-firsatlarini-anlatti-843560/
40,,https://www.iha.com.tr/haber-ticaret-bakani-pekcan-asya-pasifik-is-konseyleri-baskanlari-ile-gorustu-843465/
41,,https://www.iha.com.tr/haber-serbest-piyasada-altin-fiyatlari-ceyrek-altin-ne-kadar-oldu-843423/
42,,https://www.iha.com.tr/haber-hurma-fiyatlari-yuzde-15-artti-843412/
43,,https://www.iha.com.tr/haber-ticaret-bakani-pekcandan-yerel-para-birimiyle-ticaret-cagrisi-843403/
44,,https://www.iha.com.tr/haber-serbest-piyasada-altin-fiyatlari-843373/
45,,https://www.iha.com.tr/haber-otomotiv-pazari-nisan-ayinda-yuzde-146-daraldi-843368/
46,,https://www.iha.com.tr/haber-koronavirusun-kurumsal-yasama-etkisi-843366/
47,,https://www.iha.com.tr/haber-covid-19-yerli-milli-uretim-ve-patentin-onemini-vurguladi-843364/
48,,https://www.iha.com.tr/haber-iranda-deprem-1-olu-11-yarali-843721/
49,,https://www.iha.com.tr/haber-iranin-baskenti-tahranda-51-buyuklugunde-deprem-843717/
50,,https://www.iha.com.tr/haber-abdde-korona-nedeni-ile-issiz-kalanlarin-sayisi-333-milyona-yukseldi-843716/
51,,https://www.iha.com.tr/haber-abdli-hemsireden-covid-19-isyani-en-ufak-olayda-hastalarin-fisi-cekiliyor-843643/
52,,https://www.iha.com.tr/haber-cumhurbaskani-zelenskyden-saakasviliye-yeni-gorev-843710/
53,,https://www.iha.com.tr/haber-azerbaycan-vatandaslarini-turkiyeden-tahliye-etti-843709/
54,,https://www.iha.com.tr/haber-misirda-sosyal-mesafesiz-korona-kutlamasi-843703/
55,,https://www.iha.com.tr/haber-ruandada-sel-65-olu-843699/
56,,https://www.iha.com.tr/haber-ingiltere-turkiyeden-gelen-saglik-urunleri-standartlari-karsiliyor-843695/
57,,https://www.iha.com.tr/haber-fransada-son-24-saatte-koronavirusten-178-olum-843691/
58,,https://www.iha.com.tr/haber-ozbekistanda-baraj-duvari-coktu-843687/
59,,https://www.iha.com.tr/haber-almanya-sinir-kontrollerini-15-mayisa-kadar-uzatti-843686/
60,,https://www.iha.com.tr/haber-ingilterede-son-24-saatte-korona-virusten-539-kisi-oldu-843682/
61,,https://www.iha.com.tr/haber-italyada-korona-olumleri-30-bine-yaklasti-843679/
62,,https://www.iha.com.tr/haber-ingilterede-korona-virus-tedavisinde-immun-plazma-yontemi-deneniyor-843677/
63,,https://www.iha.com.tr/haber-iranda-berberler-ve-kuaforler-acildi-843672/
64,,https://www.iha.com.tr/haber-hindistanda-enerji-santralinde-patlama-8-yarali-843664/
65,,https://www.iha.com.tr/haber-ukrayna-devlet-baskani-zelenskiy-planli-ve-ilimli-sekilde-karantinadan-cikacagiz-843659/
66,,https://www.iha.com.tr/haber-japonyada-korona-viruse-bagli-olu-sayisi-600u-asti-843657/
67,,https://www.iha.com.tr/haber-sudanda-iki-kabile-catisti-30-olu-843653/
68,,https://www.iha.com.tr/haber-eski-nissan-ceosunun-kacirilmasiyla-ilgili-iddianame-tamamlandi-843646/
69,,https://www.iha.com.tr/haber-iranda-uluslararasi-fecr-film-festivaline-korona-virus-engeli-843635/
70,,https://www.iha.com.tr/haber-abdnin-ardindan-japonya-da-remdesivir-ilacina-yesil-isik-yakti-843634/
71,,https://www.iha.com.tr/haber-azerbaycanda-77-kiside-daha-korona-virus-tespit-edildi-843632/
